date,total_revenue,total_qty,num_items,year,volta_as_aulas,carnaval,semana_santa,sao_joao,dia_namorados,dia_maes,dia_pais,dia_criancas,black_friday,natal
2023-08-19,38782.55,74,48,2023,0,0,0,0,0,0,0,0,0,0
2023-08-20,28295.28,92,66,2023,0,0,0,0,0,0,0,0,0,0
2023-08-21,6360.45,36,30,2023,0,0,0,0,0,0,0,0,0,0
2023-08-22,10898.65,35,34,2023,0,0,0,0,0,0,0,0,0,0
2023-08-23,11881.73,37,34,2023,0,0,0,0,0,0,0,0,0,0
2023-08-24,26369.48,62,41,2023,0,0,0,0,0,0,0,0,0,0
2023-08-25,3040.29,40,25,2023,0,0,0,0,0,0,0,0,0,0
2023-08-26,27653.039999999997,57,38,2023,0,0,0,0,0,0,0,0,0,0
2023-08-27,22939.850000000002,57,40,2023,0,0,0,0,0,0,0,0,0,0
2023-08-28,9076.46,49,27,2023,0,0,0,0,0,0,0,0,0,0
2023-08-29,18179.2,75,50,2023,0,0,0,0,0,0,0,0,0,0
2023-08-30,8342.75,56,36,2023,0,0,0,0,0,0,0,0,0,0
2023-08-31,9920.869999999999,42,34,2023,0,0,0,0,0,0,0,0,0,0
2023-09-01,16914.2,84,43,2023,0,0,0,0,0,0,0,0,0,0
2023-09-02,17229.84,49,35,2023,0,0,0,0,0,0,0,0,0,0
2023-09-03,32425.170000000002,81,52,2023,0,0,0,0,0,0,0,0,0,0
2023-09-04,2182.0,14,13,2023,0,0,0,0,0,0,0,0,0,0
2023-09-05,53701.47,71,43,2023,0,0,0,0,0,0,0,0,0,0
2023-09-06,7240.26,37,21,2023,0,0,0,0,0,0,0,0,0,0
2023-09-07,152234.83,197,98,2023,0,0,0,0,0,0,0,0,0,0
2023-09-08,19437.94,66,36,2023,0,0,0,0,0,0,0,0,0,0
2023-09-09,37460.37,96,54,2023,0,0,0,0,0,0,0,0,0,0
2023-09-10,22558.06,37,27,2023,0,0,0,0,0,0,0,0,0,0
2023-09-11,5806.36,51,29,2023,0,0,0,0,0,0,0,0,0,0
2023-09-12,15309.630000000001,35,22,2023,0,0,0,0,0,0,0,0,0,0
2023-09-13,27854.559999999998,37,27,2023,0,0,0,0,0,0,0,0,0,0
2023-09-14,16939.2,55,26,2023,0,0,0,0,0,0,0,0,0,0
2023-09-15,12916.820000000002,32,17,2023,0,0,0,0,0,0,0,0,0,0
2023-09-16,11821.77,45,31,2023,0,0,0,0,0,0,0,0,0,0
2023-09-17,15265.990000000002,57,31,2023,0,0,0,0,0,0,0,0,0,0
2023-09-18,7262.86,38,23,2023,0,0,0,0,0,0,0,0,0,0
2023-09-19,6843.0,18,15,2023,0,0,0,0,0,0,0,0,0,0
2023-09-20,7629.06,23,12,2023,0,0,0,0,0,0,0,0,0,0
2023-09-21,19045.03,54,38,2023,0,0,0,0,0,0,0,0,0,0
2023-09-22,33572.92,58,37,2023,0,0,0,0,0,0,0,0,0,0
2023-09-23,23179.710000000003,46,34,2023,0,0,0,0,0,0,0,0,0,0
2023-09-24,83338.96,66,34,2023,0,0,0,0,0,0,0,0,0,0
2023-09-25,25841.78,36,24,2023,0,0,0,0,0,0,0,0,0,0
2023-09-26,7808.21,36,27,2023,0,0,0,0,0,0,0,0,0,0
2023-09-27,15925.350000000002,34,20,2023,0,0,0,0,0,0,0,0,0,0
2023-09-28,42828.200000000004,40,24,2023,0,0,0,0,0,0,0,0,0,0
2023-09-29,2446.66,34,22,2023,0,0,0,0,0,0,0,0,0,0
2023-09-30,12933.65,27,25,2023,0,0,0,0,0,0,0,0,0,0
2023-10-01,490.53,17,16,2023,0,0,0,0,0,0,0,0,0,0
2023-10-02,5336.470000000001,17,12,2023,0,0,0,0,0,0,0,0,0,0
2023-10-03,68705.63,32,16,2023,0,0,0,0,0,0,0,0,0,0
2023-10-04,13077.279999999999,37,24,2023,0,0,0,0,0,0,0,0,0,0
2023-10-05,32287.24,48,26,2023,0,0,0,0,0,0,0,1,0,0
2023-10-06,8498.67,13,10,2023,0,0,0,0,0,0,0,1,0,0
2023-10-07,25200.78,79,37,2023,0,0,0,0,0,0,0,1,0,0
2023-10-08,29030.329999999998,79,43,2023,0,0,0,0,0,0,0,1,0,0
2023-10-09,9158.519999999999,9,9,2023,0,0,0,0,0,0,0,1,0,0
2023-10-10,38149.64,73,49,2023,0,0,0,0,0,0,0,1,0,0
2023-10-11,9409.460000000001,31,17,2023,0,0,0,0,0,0,0,1,0,0
2023-10-12,63656.340000000004,146,101,2023,0,0,0,0,0,0,0,1,0,0
2023-10-13,12484.25,30,22,2023,0,0,0,0,0,0,0,0,0,0
2023-10-14,11316.770000000002,39,30,2023,0,0,0,0,0,0,0,0,0,0
2023-10-15,11700.45,44,33,2023,0,0,0,0,0,0,0,0,0,0
2023-10-16,4333.16,27,22,2023,0,0,0,0,0,0,0,0,0,0
2023-10-17,17311.64,29,23,2023,0,0,0,0,0,0,0,0,0,0
2023-10-18,5108.37,18,13,2023,0,0,0,0,0,0,0,0,0,0
2023-10-19,742.97,19,15,2023,0,0,0,0,0,0,0,0,0,0
2023-10-20,13441.48,44,26,2023,0,0,0,0,0,0,0,0,0,0
2023-10-21,65249.86,46,25,2023,0,0,0,0,0,0,0,0,0,0
2023-10-22,35360.21,49,38,2023,0,0,0,0,0,0,0,0,0,0
2023-10-23,2880.92,49,26,2023,0,0,0,0,0,0,0,0,0,0
2023-10-24,1353.76,43,22,2023,0,0,0,0,0,0,0,0,0,0
2023-10-25,5959.58,21,17,2023,0,0,0,0,0,0,0,0,0,0
2023-10-26,38511.66,61,29,2023,0,0,0,0,0,0,0,0,0,0
2023-10-27,28359.79,74,45,2023,0,0,0,0,0,0,0,0,0,0
2023-10-28,64848.33,72,34,2023,0,0,0,0,0,0,0,0,0,0
2023-10-29,7262.74,32,24,2023,0,0,0,0,0,0,0,0,0,0
2023-10-30,5352.08,22,12,2023,0,0,0,0,0,0,0,0,0,0
2023-10-31,17529.38,35,28,2023,0,0,0,0,0,0,0,0,0,0
2023-11-01,9566.599999999999,32,26,2023,0,0,0,0,0,0,0,0,0,0
2023-11-02,82422.42,156,92,2023,0,0,0,0,0,0,0,0,0,0
2023-11-03,9315.85,39,30,2023,0,0,0,0,0,0,0,0,0,0
2023-11-04,12841.76,35,28,2023,0,0,0,0,0,0,0,0,0,0
2023-11-05,6657.07,45,34,2023,0,0,0,0,0,0,0,0,0,0
2023-11-06,5729.4,17,9,2023,0,0,0,0,0,0,0,0,0,0
2023-11-07,17504.39,16,13,2023,0,0,0,0,0,0,0,0,0,0
2023-11-08,17995.86,22,15,2023,0,0,0,0,0,0,0,0,0,0
2023-11-09,5946.38,13,12,2023,0,0,0,0,0,0,0,0,0,0
2023-11-10,69607.90000000001,52,33,2023,0,0,0,0,0,0,0,0,0,0
2023-11-11,19424.25,52,37,2023,0,0,0,0,0,0,0,0,0,0
2023-11-12,34122.1,64,37,2023,0,0,0,0,0,0,0,0,0,0
2023-11-13,13363.39,25,23,2023,0,0,0,0,0,0,0,0,0,0
2023-11-14,13002.53,49,35,2023,0,0,0,0,0,0,0,0,0,0
2023-11-15,156194.56,159,82,2023,0,0,0,0,0,0,0,0,0,0
2023-11-16,10494.57,46,29,2023,0,0,0,0,0,0,0,0,0,0
2023-11-17,9633.7,23,18,2023,0,0,0,0,0,0,0,0,0,0
2023-11-18,42126.46,79,53,2023,0,0,0,0,0,0,0,0,0,0
2023-11-19,9101.13,73,41,2023,0,0,0,0,0,0,0,0,0,0
2023-11-20,1834.5600000000002,15,11,2023,0,0,0,0,0,0,0,0,1,0
2023-11-21,43406.28,110,70,2023,0,0,0,0,0,0,0,0,1,0
2023-11-22,49964.83,47,36,2023,0,0,0,0,0,0,0,0,1,0
2023-11-23,5462.87,41,34,2023,0,0,0,0,0,0,0,0,1,0
2023-11-24,107988.71,322,204,2023,0,0,0,0,0,0,0,0,1,0
2023-11-25,14254.630000000001,53,36,2023,0,0,0,0,0,0,0,0,1,0
2023-11-26,18707.17,53,30,2023,0,0,0,0,0,0,0,0,1,0
2023-11-27,9610.35,47,39,2023,0,0,0,0,0,0,0,0,0,0
2023-11-28,22276.500000000004,27,18,2023,0,0,0,0,0,0,0,0,0,0
2023-11-29,6213.599999999999,50,29,2023,0,0,0,0,0,0,0,0,0,0
2023-11-30,14121.97,49,37,2023,0,0,0,0,0,0,0,0,0,0
2023-12-01,50377.46,100,39,2023,0,0,0,0,0,0,0,0,0,0
2023-12-02,43348.28999999999,103,70,2023,0,0,0,0,0,0,0,0,0,0
2023-12-03,33427.4,65,41,2023,0,0,0,0,0,0,0,0,0,0
2023-12-04,3747.06,19,17,2023,0,0,0,0,0,0,0,0,0,0
2023-12-05,10061.55,40,31,2023,0,0,0,0,0,0,0,0,0,0
2023-12-06,12797.449999999999,36,26,2023,0,0,0,0,0,0,0,0,0,0
2023-12-07,25920.100000000002,65,54,2023,0,0,0,0,0,0,0,0,0,0
2023-12-08,83974.43,70,44,2023,0,0,0,0,0,0,0,0,0,0
2023-12-09,10752.18,48,32,2023,0,0,0,0,0,0,0,0,0,0
2023-12-10,17814.89,40,30,2023,0,0,0,0,0,0,0,0,0,1
2023-12-11,108926.14,90,60,2023,0,0,0,0,0,0,0,0,0,1
2023-12-12,45634.939999999995,89,58,2023,0,0,0,0,0,0,0,0,0,1
2023-12-13,17745.57,43,34,2023,0,0,0,0,0,0,0,0,0,1
2023-12-14,43398.28,110,60,2023,0,0,0,0,0,0,0,0,0,1
2023-12-15,45221.55,80,58,2023,0,0,0,0,0,0,0,0,0,1
2023-12-16,55741.57,99,73,2023,0,0,0,0,0,0,0,0,0,1
2023-12-17,14348.23,46,38,2023,0,0,0,0,0,0,0,0,0,1
2023-12-18,16242.660000000002,71,40,2023,0,0,0,0,0,0,0,0,0,1
2023-12-19,17143.09,71,43,2023,0,0,0,0,0,0,0,0,0,1
2023-12-20,12533.64,64,42,2023,0,0,0,0,0,0,0,0,0,1
2023-12-21,29027.55,79,46,2023,0,0,0,0,0,0,0,0,0,1
2023-12-22,38958.63,65,57,2023,0,0,0,0,0,0,0,0,0,1
2023-12-23,27830.920000000002,89,61,2023,0,0,0,0,0,0,0,0,0,1
2023-12-24,13835.33,56,39,2023,0,0,0,0,0,0,0,0,0,1
2023-12-25,87682.24,295,175,2023,0,0,0,0,0,0,0,0,0,1
2023-12-26,83207.66,73,47,2023,0,0,0,0,0,0,0,0,0,0
2023-12-27,38452.21,97,61,2023,0,0,0,0,0,0,0,0,0,0
2023-12-28,44296.92,85,50,2023,0,0,0,0,0,0,0,0,0,0
2023-12-29,41159.0,62,48,2023,0,0,0,0,0,0,0,0,0,0
2023-12-30,27982.87,104,69,2023,0,0,0,0,0,0,0,0,0,0
2023-12-31,25201.37,94,70,2023,0,0,0,0,0,0,0,0,0,0
2024-01-01,101154.56,201,121,2024,0,0,0,0,0,0,0,0,0,0
2024-01-02,30499.75,104,70,2024,0,0,0,0,0,0,0,0,0,0
2024-01-03,25435.99,59,48,2024,0,0,0,0,0,0,0,0,0,0
2024-01-04,28875.21,111,77,2024,0,0,0,0,0,0,0,0,0,0
2024-01-05,20082.19,47,35,2024,0,0,0,0,0,0,0,0,0,0
2024-01-06,71774.74,159,76,2024,0,0,0,0,0,0,0,0,0,0
2024-01-07,37776.63,136,94,2024,0,0,0,0,0,0,0,0,0,0
2024-01-08,47202.91,86,68,2024,0,0,0,0,0,0,0,0,0,0
2024-01-09,33663.71,96,51,2024,0,0,0,0,0,0,0,0,0,0
2024-01-10,39122.06,98,68,2024,0,0,0,0,0,0,0,0,0,0
2024-01-11,22514.280000000002,85,56,2024,0,0,0,0,0,0,0,0,0,0
2024-01-12,41281.49,92,76,2024,0,0,0,0,0,0,0,0,0,0
2024-01-13,122588.55,136,76,2024,0,0,0,0,0,0,0,0,0,0
2024-01-14,107480.72,220,134,2024,0,0,0,0,0,0,0,0,0,0
2024-01-15,17787.31,67,49,2024,0,0,0,0,0,0,0,0,0,0
2024-01-16,17914.01,94,63,2024,0,0,0,0,0,0,0,0,0,0
2024-01-17,100315.06,102,62,2024,0,0,0,0,0,0,0,0,0,0
2024-01-18,38758.6,105,64,2024,0,0,0,0,0,0,0,0,0,0
2024-01-19,44633.840000000004,99,58,2024,0,0,0,0,0,0,0,0,0,0
2024-01-20,78544.76,172,102,2024,1,0,0,0,0,0,0,0,0,0
2024-01-21,75929.01000000001,164,94,2024,1,0,0,0,0,0,0,0,0,0
2024-01-22,48521.54,135,94,2024,1,0,0,0,0,0,0,0,0,0
2024-01-23,35446.57,99,69,2024,1,0,0,0,0,0,0,0,0,0
2024-01-24,60855.03,103,63,2024,1,0,0,0,0,0,0,0,0,0
2024-01-25,66450.77,85,47,2024,1,0,0,0,0,0,0,0,0,0
2024-01-26,27946.199999999997,87,69,2024,1,0,0,0,0,0,0,0,0,0
2024-01-27,106898.45999999999,144,100,2024,1,0,0,0,0,0,0,0,0,0
2024-01-28,116381.39,197,116,2024,1,0,0,0,0,0,0,0,0,0
2024-01-29,23388.71,63,49,2024,1,0,0,0,0,0,0,0,0,0
2024-01-30,31040.25,68,49,2024,1,0,0,0,0,0,0,0,0,0
2024-01-31,53766.07,107,73,2024,1,0,0,0,0,0,0,0,0,0
2024-02-01,20700.24,74,57,2024,1,0,0,0,0,0,0,0,0,0
2024-02-02,49983.68,111,60,2024,1,0,0,0,0,0,0,0,0,0
2024-02-03,64968.96,200,121,2024,1,0,0,0,0,0,0,0,0,0
2024-02-04,70677.29,138,97,2024,1,0,0,0,0,0,0,0,0,0
2024-02-05,56999.11,159,89,2024,1,0,0,0,0,0,0,0,0,0
2024-02-06,34343.31,67,50,2024,1,0,0,0,0,0,0,0,0,0
2024-02-07,27193.44,103,54,2024,1,0,0,0,0,0,0,0,0,0
2024-02-08,31353.71,89,65,2024,1,0,0,0,0,0,0,0,0,0
2024-02-09,103444.12,213,105,2024,1,1,0,0,0,0,0,0,0,0
2024-02-10,46819.4,126,91,2024,1,1,0,0,0,0,0,0,0,0
2024-02-11,46044.9,126,78,2024,1,1,0,0,0,0,0,0,0,0
2024-02-12,47747.77,123,74,2024,1,1,0,0,0,0,0,0,0,0
2024-02-13,170926.54,349,243,2024,1,1,0,0,0,0,0,0,0,0
2024-02-14,19963.23,119,84,2024,1,0,0,0,0,0,0,0,0,0
2024-02-15,24530.16,96,64,2024,1,0,0,0,0,0,0,0,0,0
2024-02-16,37445.82,100,76,2024,1,0,0,0,0,0,0,0,0,0
2024-02-17,52391.69,168,119,2024,1,0,0,0,0,0,0,0,0,0
2024-02-18,42732.09,161,96,2024,1,0,0,0,0,0,0,0,0,0
2024-02-19,127487.03,152,109,2024,1,0,0,0,0,0,0,0,0,0
2024-02-20,44710.4,134,96,2024,1,0,0,0,0,0,0,0,0,0
2024-02-21,85222.98,140,85,2024,1,0,0,0,0,0,0,0,0,0
2024-02-22,67014.95,136,82,2024,1,0,0,0,0,0,0,0,0,0
2024-02-23,44202.67,91,83,2024,1,0,0,0,0,0,0,0,0,0
2024-02-24,107124.94,133,82,2024,1,0,0,0,0,0,0,0,0,0
2024-02-25,99129.19,169,104,2024,1,0,0,0,0,0,0,0,0,0
2024-02-26,57909.03,178,105,2024,1,0,0,0,0,0,0,0,0,0
2024-02-27,50241.97,137,106,2024,1,0,0,0,0,0,0,0,0,0
2024-02-28,51066.54,146,75,2024,1,0,0,0,0,0,0,0,0,0
2024-02-29,45204.49,139,93,2024,1,0,0,0,0,0,0,0,0,0
2024-03-01,56776.0,131,88,2024,1,0,0,0,0,0,0,0,0,0
2024-03-02,111507.83,151,99,2024,1,0,0,0,0,0,0,0,0,0
2024-03-03,95382.59999999999,218,112,2024,1,0,0,0,0,0,0,0,0,0
2024-03-04,50872.590000000004,105,84,2024,1,0,0,0,0,0,0,0,0,0
2024-03-05,61065.03,151,107,2024,1,0,0,0,0,0,0,0,0,0
2024-03-06,42860.81,145,84,2024,1,0,0,0,0,0,0,0,0,0
2024-03-07,51837.93,125,86,2024,1,0,0,0,0,0,0,0,0,0
2024-03-08,38436.54,83,65,2024,1,0,0,0,0,0,0,0,0,0
2024-03-09,115413.11,225,137,2024,1,0,0,0,0,0,0,0,0,0
2024-03-10,135294.52,204,117,2024,1,0,0,0,0,0,0,0,0,0
2024-03-11,27819.79,95,70,2024,0,0,0,0,0,0,0,0,0,0
2024-03-12,86479.01000000001,99,53,2024,0,0,0,0,0,0,0,0,0,0
2024-03-13,44286.83,86,54,2024,0,0,0,0,0,0,0,0,0,0
2024-03-14,31251.85,95,69,2024,0,0,0,0,0,0,0,0,0,0
2024-03-15,71653.92,243,156,2024,0,0,0,0,0,0,0,0,0,0
2024-03-16,136833.65,193,123,2024,0,0,0,0,0,0,0,0,0,0
2024-03-17,74271.98,188,121,2024,0,0,0,0,0,0,0,0,0,0
2024-03-18,99279.92,173,97,2024,0,0,0,0,0,0,0,0,0,0
2024-03-19,48445.200000000004,117,80,2024,0,0,0,0,0,0,0,0,0,0
2024-03-20,48798.78,122,70,2024,0,0,0,0,0,0,0,0,0,0
2024-03-21,54768.96,106,79,2024,0,0,0,0,0,0,0,0,0,0
2024-03-22,28368.7,115,84,2024,0,0,0,0,0,0,0,0,0,0
2024-03-23,83501.85,216,128,2024,0,0,0,0,0,0,0,0,0,0
2024-03-24,51951.46,138,95,2024,0,0,1,0,0,0,0,0,0,0
2024-03-25,123512.35,194,120,2024,0,0,1,0,0,0,0,0,0,0
2024-03-26,44533.69,111,88,2024,0,0,1,0,0,0,0,0,0,0
2024-03-27,119797.22,131,87,2024,0,0,1,0,0,0,0,0,0,0
2024-03-28,48844.08,159,110,2024,0,0,1,0,0,0,0,0,0,0
2024-03-29,201874.05,395,252,2024,0,0,1,0,0,0,0,0,0,0
2024-03-30,64308.8,203,111,2024,0,0,1,0,0,0,0,0,0,0
2024-03-31,276752.15,609,414,2024,0,0,1,0,0,0,0,0,0,0
2024-04-01,49539.130000000005,106,76,2024,0,0,0,0,0,0,0,0,0,0
2024-04-02,32637.99,157,109,2024,0,0,0,0,0,0,0,0,0,0
2024-04-03,77269.66,165,101,2024,0,0,0,0,0,0,0,0,0,0
2024-04-04,44660.56,131,106,2024,0,0,0,0,0,0,0,0,0,0
2024-04-05,51795.7,169,115,2024,0,0,0,0,0,0,0,0,0,0
2024-04-06,92465.16,257,183,2024,0,0,0,0,0,0,0,0,0,0
2024-04-07,65688.91,188,120,2024,0,0,0,0,0,0,0,0,0,0
2024-04-08,33314.97,119,79,2024,0,0,0,0,0,0,0,0,0,0
2024-04-09,19077.43,108,79,2024,0,0,0,0,0,0,0,0,0,0
2024-04-10,86407.15,114,82,2024,0,0,0,0,0,0,0,0,0,0
2024-04-11,34706.9,129,105,2024,0,0,0,0,0,0,0,0,0,0
2024-04-12,59838.44,119,83,2024,0,0,0,0,0,0,0,0,0,0
2024-04-13,129395.81,212,126,2024,0,0,0,0,0,0,0,0,0,0
2024-04-14,99570.27,220,134,2024,0,0,0,0,0,0,0,0,0,0
2024-04-15,57290.41,128,100,2024,0,0,0,0,0,0,0,0,0,0
2024-04-16,92679.92,187,121,2024,0,0,0,0,0,0,0,0,0,0
2024-04-17,52235.57,217,105,2024,0,0,0,0,0,0,0,0,0,0
2024-04-18,44613.13,177,98,2024,0,0,0,0,0,0,0,0,0,0
2024-04-19,49909.61,163,112,2024,0,0,0,0,0,0,0,0,0,0
2024-04-20,109481.28,202,125,2024,0,0,0,0,0,0,0,0,0,0
2024-04-21,275067.18,563,343,2024,0,0,0,0,0,0,0,0,0,0
2024-04-22,48537.07,167,107,2024,0,0,0,0,0,0,0,0,0,0
2024-04-23,57930.81,167,111,2024,0,0,0,0,0,0,0,0,0,0
2024-04-24,30036.010000000002,92,68,2024,0,0,0,0,0,0,0,0,0,0
2024-04-25,65571.89,123,73,2024,0,0,0,0,0,0,0,0,0,0
2024-04-26,90595.39,166,87,2024,0,0,0,0,0,0,0,0,0,0
2024-04-27,48370.82,184,127,2024,0,0,0,0,0,0,0,0,0,0
2024-04-28,175019.57,205,148,2024,0,0,0,0,0,0,0,0,0,0
2024-04-29,68167.25,145,97,2024,0,0,0,0,0,0,0,0,0,0
2024-04-30,48210.06,123,87,2024,0,0,0,0,0,0,0,0,0,0
2024-05-01,184205.04,454,312,2024,0,0,0,0,0,0,0,0,0,0
2024-05-02,34730.05,132,88,2024,0,0,0,0,0,0,0,0,0,0
2024-05-03,63751.600000000006,167,108,2024,0,0,0,0,0,0,0,0,0,0
2024-05-04,98244.41,187,109,2024,0,0,0,0,0,0,0,0,0,0
2024-05-05,67337.44,186,122,2024,0,0,0,0,0,0,0,0,0,0
2024-05-06,74510.8,116,81,2024,0,0,0,0,0,1,0,0,0,0
2024-05-07,124948.54999999999,146,92,2024,0,0,0,0,0,1,0,0,0,0
2024-05-08,39038.21,125,74,2024,0,0,0,0,0,1,0,0,0,0
2024-05-09,35304.76,100,73,2024,0,0,0,0,0,1,0,0,0,0
2024-05-10,31309.16,107,62,2024,0,0,0,0,0,1,0,0,0,0
2024-05-11,118774.59,208,136,2024,0,0,0,0,0,1,0,0,0,0
2024-05-12,54764.23,154,101,2024,0,0,0,0,0,1,0,0,0,0
2024-05-13,84117.98,127,92,2024,0,0,0,0,0,0,0,0,0,0
2024-05-14,34996.42,139,96,2024,0,0,0,0,0,0,0,0,0,0
2024-05-15,52675.29,125,76,2024,0,0,0,0,0,0,0,0,0,0
2024-05-16,12089.63,134,82,2024,0,0,0,0,0,0,0,0,0,0
2024-05-17,92204.08,98,57,2024,0,0,0,0,0,0,0,0,0,0
2024-05-18,64029.97,194,114,2024,0,0,0,0,0,0,0,0,0,0
2024-05-19,38278.51,224,119,2024,0,0,0,0,0,0,0,0,0,0
2024-05-20,10506.140000000001,75,53,2024,0,0,0,0,0,0,0,0,0,0
2024-05-21,13990.43,119,81,2024,0,0,0,0,0,0,0,0,0,0
2024-05-22,89649.56999999999,120,72,2024,0,0,0,0,0,0,0,0,0,0
2024-05-23,52608.64,129,86,2024,0,0,0,0,0,0,0,0,0,0
2024-05-24,42449.42,104,61,2024,0,0,0,0,0,0,0,0,0,0
2024-05-25,70106.29,139,100,2024,0,0,0,0,0,0,0,0,0,0
2024-05-26,92176.13,182,125,2024,0,0,0,0,0,0,0,0,0,0
2024-05-27,62745.54,160,113,2024,0,0,0,0,0,0,0,0,0,0
2024-05-28,30062.49,108,75,2024,0,0,0,0,0,0,0,0,0,0
2024-05-29,52266.39,108,73,2024,0,0,0,0,0,0,0,0,0,0
2024-05-30,214702.62,417,289,2024,0,0,0,0,0,0,0,0,0,0
2024-05-31,89024.15,163,106,2024,0,0,0,0,0,0,0,0,0,0
2024-06-01,54440.49,181,122,2024,0,0,0,0,0,0,0,0,0,0
2024-06-02,87650.95,196,112,2024,0,0,0,0,0,0,0,0,0,0
2024-06-03,95817.87,111,66,2024,0,0,0,0,0,0,0,0,0,0
2024-06-04,33082.240000000005,92,60,2024,0,0,0,0,0,0,0,0,0,0
2024-06-05,50181.95,102,67,2024,0,0,0,0,1,0,0,0,0,0
2024-06-06,92057.0,136,82,2024,0,0,0,0,1,0,0,0,0,0
2024-06-07,82241.29000000001,118,69,2024,0,0,0,0,1,0,0,0,0,0
2024-06-08,61422.729999999996,234,141,2024,0,0,0,0,1,0,0,0,0,0
2024-06-09,68992.69,117,75,2024,0,0,0,0,1,0,0,0,0,0
2024-06-10,19966.579999999998,114,68,2024,0,0,0,1,1,0,0,0,0,0
2024-06-11,114205.79,88,53,2024,0,0,0,1,1,0,0,0,0,0
2024-06-12,64753.65,110,68,2024,0,0,0,1,1,0,0,0,0,0
2024-06-13,32538.98,78,51,2024,0,0,0,1,0,0,0,0,0,0
2024-06-14,25351.27,110,71,2024,0,0,0,1,0,0,0,0,0,0
2024-06-15,51510.119999999995,92,56,2024,0,0,0,1,0,0,0,0,0,0
2024-06-16,75893.87,174,119,2024,0,0,0,1,0,0,0,0,0,0
2024-06-17,32535.64,93,67,2024,0,0,0,1,0,0,0,0,0,0
2024-06-18,28689.59,83,54,2024,0,0,0,1,0,0,0,0,0,0
2024-06-19,21546.16,61,48,2024,0,0,0,1,0,0,0,0,0,0
2024-06-20,61825.71,77,55,2024,0,0,0,1,0,0,0,0,0,0
2024-06-21,16577.440000000002,121,70,2024,0,0,0,1,0,0,0,0,0,0
2024-06-22,50620.88,131,86,2024,0,0,0,1,0,0,0,0,0,0
2024-06-23,46284.84,135,84,2024,0,0,0,1,0,0,0,0,0,0
2024-06-24,31343.02,97,65,2024,0,0,0,1,0,0,0,0,0,0
2024-06-25,147905.87,195,101,2024,0,0,0,1,0,0,0,0,0,0
2024-06-26,53309.25,119,60,2024,0,0,0,1,0,0,0,0,0,0
2024-06-27,13119.38,116,75,2024,0,0,0,1,0,0,0,0,0,0
2024-06-28,54035.4,105,72,2024,0,0,0,1,0,0,0,0,0,0
2024-06-29,46822.76,145,93,2024,0,0,0,1,0,0,0,0,0,0
2024-06-30,88639.04000000001,115,73,2024,0,0,0,1,0,0,0,0,0,0
2024-07-01,50277.45,119,72,2024,0,0,0,0,0,0,0,0,0,0
2024-07-02,55409.69,176,85,2024,0,0,0,0,0,0,0,0,0,0
2024-07-03,53973.850000000006,114,72,2024,0,0,0,0,0,0,0,0,0,0
2024-07-04,34746.409999999996,119,68,2024,0,0,0,0,0,0,0,0,0,0
2024-07-05,40269.36,124,78,2024,0,0,0,0,0,0,0,0,0,0
2024-07-06,54751.32,145,90,2024,0,0,0,0,0,0,0,0,0,0
2024-07-07,11826.97,70,44,2024,0,0,0,0,0,0,0,0,0,0
2024-07-08,16153.52,55,36,2024,0,0,0,0,0,0,0,0,0,0
2024-07-09,48674.28,108,64,2024,0,0,0,0,0,0,0,0,0,0
2024-07-10,12655.09,77,37,2024,0,0,0,0,0,0,0,0,0,0
2024-07-11,36567.130000000005,82,54,2024,0,0,0,0,0,0,0,0,0,0
2024-07-12,24932.93,113,65,2024,0,0,0,0,0,0,0,0,0,0
2024-07-13,105805.1,166,97,2024,0,0,0,0,0,0,0,0,0,0
2024-07-14,82276.39,139,81,2024,0,0,0,0,0,0,0,0,0,0
2024-07-15,24324.100000000002,69,43,2024,0,0,0,0,0,0,0,0,0,0
2024-07-16,53830.909999999996,83,42,2024,0,0,0,0,0,0,0,0,0,0
2024-07-17,86644.22,81,50,2024,0,0,0,0,0,0,0,0,0,0
2024-07-18,51752.590000000004,103,56,2024,0,0,0,0,0,0,0,0,0,0
2024-07-19,25410.27,85,52,2024,0,0,0,0,0,0,0,0,0,0
2024-07-20,77978.0,134,82,2024,0,0,0,0,0,0,0,0,0,0
2024-07-21,43775.34,82,61,2024,0,0,0,0,0,0,0,0,0,0
2024-07-22,64551.51,84,44,2024,0,0,0,0,0,0,0,0,0,0
2024-07-23,17864.65,47,34,2024,0,0,0,0,0,0,0,0,0,0
2024-07-24,35820.71,59,40,2024,0,0,0,0,0,0,0,0,0,0
2024-07-25,22571.75,77,54,2024,0,0,0,0,0,0,0,0,0,0
2024-07-26,41495.93,69,52,2024,0,0,0,0,0,0,0,0,0,0
2024-07-27,41463.299999999996,110,71,2024,0,0,0,0,0,0,0,0,0,0
2024-07-28,40872.91,92,62,2024,0,0,0,0,0,0,0,0,0,0
2024-07-29,54147.899999999994,56,32,2024,0,0,0,0,0,0,0,0,0,0
2024-07-30,68126.02,116,76,2024,0,0,0,0,0,0,0,0,0,0
2024-07-31,33509.73,88,47,2024,0,0,0,0,0,0,0,0,0,0
2024-08-01,58797.25,97,70,2024,0,0,0,0,0,0,0,0,0,0
2024-08-02,49969.8,86,50,2024,0,0,0,0,0,0,0,0,0,0
2024-08-03,41386.829999999994,114,66,2024,0,0,0,0,0,0,0,0,0,0
2024-08-04,10339.35,80,46,2024,0,0,0,0,0,0,0,0,0,0
2024-08-05,50899.75,53,30,2024,0,0,0,0,0,0,1,0,0,0
2024-08-06,12577.87,71,40,2024,0,0,0,0,0,0,1,0,0,0
2024-08-07,10630.55,24,20,2024,0,0,0,0,0,0,1,0,0,0
2024-08-08,29147.329999999998,50,29,2024,0,0,0,0,0,0,1,0,0,0
2024-08-09,36669.81,99,60,2024,0,0,0,0,0,0,1,0,0,0
2024-08-10,35454.89,93,53,2024,0,0,0,0,0,0,1,0,0,0
2024-08-11,16789.95,55,43,2024,0,0,0,0,0,0,1,0,0,0
2024-08-12,24762.27,81,49,2024,0,0,0,0,0,0,0,0,0,0
2024-08-13,17966.24,34,28,2024,0,0,0,0,0,0,0,0,0,0
2024-08-14,6043.46,66,37,2024,0,0,0,0,0,0,0,0,0,0
2024-08-15,31933.66,42,30,2024,0,0,0,0,0,0,0,0,0,0
2024-08-16,9922.99,58,33,2024,0,0,0,0,0,0,0,0,0,0
2024-08-17,51640.85,105,70,2024,0,0,0,0,0,0,0,0,0,0
2024-08-18,24348.83,74,48,2024,0,0,0,0,0,0,0,0,0,0
2024-08-19,31914.11,95,61,2024,0,0,0,0,0,0,0,0,0,0
2024-08-20,17204.920000000002,61,37,2024,0,0,0,0,0,0,0,0,0,0
2024-08-21,10360.7,31,28,2024,0,0,0,0,0,0,0,0,0,0
2024-08-22,13204.03,40,31,2024,0,0,0,0,0,0,0,0,0,0
2024-08-23,13075.07,49,28,2024,0,0,0,0,0,0,0,0,0,0
2024-08-24,55644.950000000004,86,55,2024,0,0,0,0,0,0,0,0,0,0
2024-08-25,34578.68,86,53,2024,0,0,0,0,0,0,0,0,0,0
2024-08-26,9452.58,25,18,2024,0,0,0,0,0,0,0,0,0,0
2024-08-27,14679.81,30,27,2024,0,0,0,0,0,0,0,0,0,0
2024-08-28,18009.420000000002,96,50,2024,0,0,0,0,0,0,0,0,0,0
2024-08-29,39673.060000000005,84,45,2024,0,0,0,0,0,0,0,0,0,0
2024-08-30,1337.74,34,19,2024,0,0,0,0,0,0,0,0,0,0
2024-08-31,68521.34,62,35,2024,0,0,0,0,0,0,0,0,0,0
2024-09-01,21571.01,91,51,2024,0,0,0,0,0,0,0,0,0,0
2024-09-02,13947.460000000001,97,58,2024,0,0,0,0,0,0,0,0,0,0
2024-09-03,6820.81,26,24,2024,0,0,0,0,0,0,0,0,0,0
2024-09-04,29704.82,39,22,2024,0,0,0,0,0,0,0,0,0,0
2024-09-05,31260.42,119,58,2024,0,0,0,0,0,0,0,0,0,0
2024-09-06,43575.47,63,39,2024,0,0,0,0,0,0,0,0,0,0
2024-09-07,63254.409999999996,151,102,2024,0,0,0,0,0,0,0,0,0,0
2024-09-08,7994.72,40,24,2024,0,0,0,0,0,0,0,0,0,0
2024-09-09,9437.61,49,33,2024,0,0,0,0,0,0,0,0,0,0
2024-09-10,27448.26,40,29,2024,0,0,0,0,0,0,0,0,0,0
2024-09-11,26801.84,50,30,2024,0,0,0,0,0,0,0,0,0,0
2024-09-12,5928.34,29,19,2024,0,0,0,0,0,0,0,0,0,0
2024-09-13,18478.33,22,18,2024,0,0,0,0,0,0,0,0,0,0
2024-09-14,25331.870000000003,61,40,2024,0,0,0,0,0,0,0,0,0,0
2024-09-15,45651.1,55,34,2024,0,0,0,0,0,0,0,0,0,0
2024-09-16,43388.649999999994,33,26,2024,0,0,0,0,0,0,0,0,0,0
2024-09-17,5859.9,37,15,2024,0,0,0,0,0,0,0,0,0,0
2024-09-18,5460.57,37,25,2024,0,0,0,0,0,0,0,0,0,0
2024-09-19,10544.03,58,32,2024,0,0,0,0,0,0,0,0,0,0
2024-09-20,5190.47,70,30,2024,0,0,0,0,0,0,0,0,0,0
2024-09-21,14476.41,46,35,2024,0,0,0,0,0,0,0,0,0,0
2024-09-22,7528.21,21,20,2024,0,0,0,0,0,0,0,0,0,0
2024-09-23,3492.08,19,12,2024,0,0,0,0,0,0,0,0,0,0
2024-09-24,16369.52,41,29,2024,0,0,0,0,0,0,0,0,0,0
2024-09-25,10780.82,30,24,2024,0,0,0,0,0,0,0,0,0,0
2024-09-26,7690.2,31,21,2024,0,0,0,0,0,0,0,0,0,0
2024-09-27,5906.58,35,21,2024,0,0,0,0,0,0,0,0,0,0
2024-09-28,12386.38,28,25,2024,0,0,0,0,0,0,0,0,0,0
2024-09-29,56001.17,59,43,2024,0,0,0,0,0,0,0,0,0,0
2024-09-30,3453.59,37,27,2024,0,0,0,0,0,0,0,0,0,0
2024-10-01,11095.54,38,24,2024,0,0,0,0,0,0,0,0,0,0
2024-10-02,9808.9,28,15,2024,0,0,0,0,0,0,0,0,0,0
2024-10-03,11950.6,36,24,2024,0,0,0,0,0,0,0,0,0,0
2024-10-04,7680.68,44,20,2024,0,0,0,0,0,0,0,0,0,0
2024-10-05,9419.44,43,32,2024,0,0,0,0,0,0,0,1,0,0
2024-10-06,7794.46,34,23,2024,0,0,0,0,0,0,0,1,0,0
2024-10-07,852.54,23,16,2024,0,0,0,0,0,0,0,1,0,0
2024-10-08,655.5500000000001,14,11,2024,0,0,0,0,0,0,0,1,0,0
2024-10-09,2216.13,28,16,2024,0,0,0,0,0,0,0,1,0,0
2024-10-10,16332.59,71,46,2024,0,0,0,0,0,0,0,1,0,0
2024-10-11,18044.989999999998,47,37,2024,0,0,0,0,0,0,0,1,0,0
2024-10-12,62684.49,166,121,2024,0,0,0,0,0,0,0,1,0,0
2024-10-13,9769.810000000001,52,23,2024,0,0,0,0,0,0,0,0,0,0
2024-10-14,11669.14,48,27,2024,0,0,0,0,0,0,0,0,0,0
2024-10-15,15105.5,32,25,2024,0,0,0,0,0,0,0,0,0,0
2024-10-16,7126.700000000001,33,16,2024,0,0,0,0,0,0,0,0,0,0
2024-10-17,9938.0,38,30,2024,0,0,0,0,0,0,0,0,0,0
2024-10-18,681.65,15,12,2024,0,0,0,0,0,0,0,0,0,0
2024-10-19,18120.59,23,14,2024,0,0,0,0,0,0,0,0,0,0
2024-10-20,29221.690000000002,73,46,2024,0,0,0,0,0,0,0,0,0,0
2024-10-21,17073.99,64,39,2024,0,0,0,0,0,0,0,0,0,0
2024-10-22,8597.19,33,31,2024,0,0,0,0,0,0,0,0,0,0
2024-10-23,27381.41,64,39,2024,0,0,0,0,0,0,0,0,0,0
2024-10-24,53696.520000000004,62,32,2024,0,0,0,0,0,0,0,0,0,0
2024-10-25,1398.69,28,14,2024,0,0,0,0,0,0,0,0,0,0
2024-10-26,32841.2,64,34,2024,0,0,0,0,0,0,0,0,0,0
2024-10-27,1479.19,30,14,2024,0,0,0,0,0,0,0,0,0,0
2024-10-28,12706.19,43,21,2024,0,0,0,0,0,0,0,0,0,0
2024-10-29,23792.58,34,15,2024,0,0,0,0,0,0,0,0,0,0
2024-10-30,24959.760000000002,51,33,2024,0,0,0,0,0,0,0,0,0,0
2024-10-31,9922.5,41,22,2024,0,0,0,0,0,0,0,0,0,0
2024-11-01,4121.07,25,12,2024,0,0,0,0,0,0,0,0,0,0
2024-11-02,51650.51,163,115,2024,0,0,0,0,0,0,0,0,0,0
2024-11-03,26282.5,49,42,2024,0,0,0,0,0,0,0,0,0,0
2024-11-04,12389.779999999999,52,30,2024,0,0,0,0,0,0,0,0,0,0
2024-11-05,53279.880000000005,54,21,2024,0,0,0,0,0,0,0,0,0,0
2024-11-06,13104.21,42,24,2024,0,0,0,0,0,0,0,0,0,0
2024-11-07,24059.460000000003,56,31,2024,0,0,0,0,0,0,0,0,0,0
2024-11-08,5511.5599999999995,28,20,2024,0,0,0,0,0,0,0,0,0,0
2024-11-09,10071.300000000001,49,38,2024,0,0,0,0,0,0,0,0,0,0
2024-11-10,18767.170000000002,67,50,2024,0,0,0,0,0,0,0,0,0,0
2024-11-11,6241.55,21,17,2024,0,0,0,0,0,0,0,0,0,0
2024-11-12,8223.74,22,19,2024,0,0,0,0,0,0,0,0,0,0
2024-11-13,17257.02,51,37,2024,0,0,0,0,0,0,0,0,0,0
2024-11-14,37052.35,69,44,2024,0,0,0,0,0,0,0,0,0,0
2024-11-15,100531.77,236,165,2024,0,0,0,0,0,0,0,0,0,0
2024-11-16,9126.019999999999,34,30,2024,0,0,0,0,0,0,0,0,0,0
2024-11-17,24883.059999999998,90,44,2024,0,0,0,0,0,0,0,0,0,0
2024-11-18,13760.92,44,24,2024,0,0,0,0,0,0,0,0,0,0
2024-11-19,44873.99,92,40,2024,0,0,0,0,0,0,0,0,0,0
2024-11-20,42640.67,76,50,2024,0,0,0,0,0,0,0,0,0,0
2024-11-21,36719.64,36,28,2024,0,0,0,0,0,0,0,0,0,0
2024-11-22,233285.62,326,213,2024,0,0,0,0,0,0,0,0,0,0
2024-11-23,11529.37,32,27,2024,0,0,0,0,0,0,0,0,0,0
2024-11-24,32098.08,65,42,2024,0,0,0,0,0,0,0,0,0,0
2024-11-25,25674.940000000002,55,28,2024,0,0,0,0,0,0,0,0,1,0
2024-11-26,65257.57,42,28,2024,0,0,0,0,0,0,0,0,1,0
2024-11-27,14116.199999999999,56,22,2024,0,0,0,0,0,0,0,0,1,0
2024-11-28,48451.75,54,35,2024,0,0,0,0,0,0,0,0,1,0
2024-11-29,9294.23,41,24,2024,0,0,0,0,0,0,0,0,1,0
2024-11-30,46256.15,73,38,2024,0,0,0,0,0,0,0,0,1,0
2024-12-01,44451.78,111,56,2024,0,0,0,0,0,0,0,0,1,0
2024-12-02,12306.64,36,28,2024,0,0,0,0,0,0,0,0,0,0
2024-12-03,43987.77,103,65,2024,0,0,0,0,0,0,0,0,0,0
2024-12-04,7592.92,40,30,2024,0,0,0,0,0,0,0,0,0,0
2024-12-05,19660.62,57,39,2024,0,0,0,0,0,0,0,0,0,0
2024-12-06,16849.24,67,54,2024,0,0,0,0,0,0,0,0,0,0
2024-12-07,20735.05,89,41,2024,0,0,0,0,0,0,0,0,0,0
2024-12-08,10507.82,56,38,2024,0,0,0,0,0,0,0,0,0,0
2024-12-09,14171.93,48,39,2024,0,0,0,0,0,0,0,0,0,0
2024-12-10,33396.07,48,32,2024,0,0,0,0,0,0,0,0,0,1
2024-12-11,14205.210000000001,58,40,2024,0,0,0,0,0,0,0,0,0,1
2024-12-12,78630.34,54,25,2024,0,0,0,0,0,0,0,0,0,1
2024-12-13,5838.15,35,23,2024,0,0,0,0,0,0,0,0,0,1
2024-12-14,53181.58,103,77,2024,0,0,0,0,0,0,0,0,0,1
2024-12-15,41904.95,72,46,2024,0,0,0,0,0,0,0,0,0,1
2024-12-16,67241.95,94,53,2024,0,0,0,0,0,0,0,0,0,1
2024-12-17,4755.74,20,16,2024,0,0,0,0,0,0,0,0,0,1
2024-12-18,106238.88,99,65,2024,0,0,0,0,0,0,0,0,0,1
2024-12-19,5695.17,49,33,2024,0,0,0,0,0,0,0,0,0,1
2024-12-20,11253.18,59,46,2024,0,0,0,0,0,0,0,0,0,1
2024-12-21,31664.54,115,71,2024,0,0,0,0,0,0,0,0,0,1
2024-12-22,21633.85,64,47,2024,0,0,0,0,0,0,0,0,0,1
2024-12-23,21872.05,50,39,2024,0,0,0,0,0,0,0,0,0,1
2024-12-24,15607.019999999999,61,40,2024,0,0,0,0,0,0,0,0,0,1
2024-12-25,80521.75,281,185,2024,0,0,0,0,0,0,0,0,0,1
2024-12-26,20445.73,60,45,2024,0,0,0,0,0,0,0,0,0,0
2024-12-27,58174.21,88,51,2024,0,0,0,0,0,0,0,0,0,0
2024-12-28,35185.85,116,79,2024,0,0,0,0,0,0,0,0,0,0
2024-12-29,73858.19,119,62,2024,0,0,0,0,0,0,0,0,0,0
2024-12-30,30327.260000000002,61,42,2024,0,0,0,0,0,0,0,0,0,0
2024-12-31,43557.54,106,67,2024,0,0,0,0,0,0,0,0,0,0
2025-01-01,163967.41,336,193,2025,0,0,0,0,0,0,0,0,0,0
2025-01-02,31696.07,98,55,2025,0,0,0,0,0,0,0,0,0,0
2025-01-03,22165.92,98,62,2025,0,0,0,0,0,0,0,0,0,0
2025-01-04,32491.11,139,73,2025,0,0,0,0,0,0,0,0,0,0
2025-01-05,36621.93,123,75,2025,0,0,0,0,0,0,0,0,0,0
2025-01-06,48618.8,120,84,2025,0,0,0,0,0,0,0,0,0,0
2025-01-07,12609.32,75,45,2025,0,0,0,0,0,0,0,0,0,0
2025-01-08,13820.6,52,41,2025,0,0,0,0,0,0,0,0,0,0
2025-01-09,70985.54,116,75,2025,0,0,0,0,0,0,0,0,0,0
2025-01-10,22459.81,73,54,2025,0,0,0,0,0,0,0,0,0,0
2025-01-11,125250.37,149,85,2025,0,0,0,0,0,0,0,0,0,0
2025-01-12,211971.06,157,68,2025,0,0,0,0,0,0,0,0,0,0
2025-01-13,17698.82,57,51,2025,0,0,0,0,0,0,0,0,0,0
2025-01-14,118799.84000000001,133,84,2025,0,0,0,0,0,0,0,0,0,0
2025-01-15,67391.58,119,77,2025,0,0,0,0,0,0,0,0,0,0
2025-01-16,89989.73,70,32,2025,0,0,0,0,0,0,0,0,0,0
2025-01-17,11177.28,70,50,2025,0,0,0,0,0,0,0,0,0,0
2025-01-18,44792.21,135,62,2025,0,0,0,0,0,0,0,0,0,0
2025-01-19,67327.22,159,89,2025,0,0,0,0,0,0,0,0,0,0
2025-01-20,44460.9,100,69,2025,1,0,0,0,0,0,0,0,0,0
2025-01-21,78337.22,116,67,2025,1,0,0,0,0,0,0,0,0,0
2025-01-22,24014.28,128,72,2025,1,0,0,0,0,0,0,0,0,0
2025-01-23,28329.1,76,66,2025,1,0,0,0,0,0,0,0,0,0
2025-01-24,15548.49,46,37,2025,1,0,0,0,0,0,0,0,0,0
2025-01-25,40796.47,133,94,2025,1,0,0,0,0,0,0,0,0,0
2025-01-26,18290.12,130,76,2025,1,0,0,0,0,0,0,0,0,0
2025-01-27,85948.94,152,79,2025,1,0,0,0,0,0,0,0,0,0
2025-01-28,68136.36,109,75,2025,1,0,0,0,0,0,0,0,0,0
2025-01-29,5690.83,73,53,2025,1,0,0,0,0,0,0,0,0,0
2025-01-30,25497.93,66,45,2025,1,0,0,0,0,0,0,0,0,0
2025-01-31,61598.62,73,41,2025,1,0,0,0,0,0,0,0,0,0
2025-02-01,37542.85,123,59,2025,1,0,0,0,0,0,0,0,0,0
2025-02-02,68747.31999999999,144,101,2025,1,0,0,0,0,0,0,0,0,0
2025-02-03,61347.06,85,55,2025,1,0,0,0,0,0,0,0,0,0
2025-02-04,45560.69,114,70,2025,1,0,0,0,0,0,0,0,0,0
2025-02-05,58898.23,136,97,2025,1,0,0,0,0,0,0,0,0,0
2025-02-06,24191.11,64,44,2025,1,0,0,0,0,0,0,0,0,0
2025-02-07,43551.899999999994,128,86,2025,1,0,0,0,0,0,0,0,0,0
2025-02-08,108526.76000000001,200,102,2025,1,0,0,0,0,0,0,0,0,0
2025-02-09,74292.53,161,103,2025,1,0,0,0,0,0,0,0,0,0
2025-02-10,31994.82,126,69,2025,1,0,0,0,0,0,0,0,0,0
2025-02-11,70673.75,151,98,2025,1,0,0,0,0,0,0,0,0,0
2025-02-12,44026.8,133,91,2025,1,0,0,0,0,0,0,0,0,0
2025-02-13,30698.230000000003,63,47,2025,1,0,0,0,0,0,0,0,0,0
2025-02-14,48783.01,107,80,2025,1,0,0,0,0,0,0,0,0,0
2025-02-15,106480.21,191,127,2025,1,0,0,0,0,0,0,0,0,0
2025-02-16,117556.62,255,128,2025,1,0,0,0,0,0,0,0,0,0
2025-02-17,50686.22,87,65,2025,1,0,0,0,0,0,0,0,0,0
2025-02-18,117808.06,177,95,2025,1,0,0,0,0,0,0,0,0,0
2025-02-19,63835.16,90,78,2025,1,0,0,0,0,0,0,0,0,0
2025-02-20,37656.94,115,78,2025,1,0,0,0,0,0,0,0,0,0
2025-02-21,68949.03,162,99,2025,1,0,0,0,0,0,0,0,0,0
2025-02-22,28107.75,131,83,2025,1,0,0,0,0,0,0,0,0,0
2025-02-23,63422.69,159,113,2025,1,0,0,0,0,0,0,0,0,0
2025-02-24,42649.4,149,81,2025,1,0,0,0,0,0,0,0,0,0
2025-02-25,121423.48,131,91,2025,1,0,0,0,0,0,0,0,0,0
2025-02-26,59402.89,198,124,2025,1,0,0,0,0,0,0,0,0,0
2025-02-27,27948.95,112,70,2025,1,0,0,0,0,0,0,0,0,0
2025-02-28,21453.98,84,59,2025,1,1,0,0,0,0,0,0,0,0
2025-03-01,81933.78,210,113,2025,1,1,0,0,0,0,0,0,0,0
2025-03-02,56806.25,167,115,2025,1,1,0,0,0,0,0,0,0,0
2025-03-03,109942.54999999999,113,60,2025,1,1,0,0,0,0,0,0,0,0
2025-03-04,145215.85,338,225,2025,1,1,0,0,0,0,0,0,0,0
2025-03-05,36058.99,121,78,2025,1,0,0,0,0,0,0,0,0,0
2025-03-06,22365.53,99,70,2025,1,0,0,0,0,0,0,0,0,0
2025-03-07,45299.56,144,109,2025,1,0,0,0,0,0,0,0,0,0
2025-03-08,111010.07,181,128,2025,1,0,0,0,0,0,0,0,0,0
2025-03-09,105588.32,138,101,2025,1,0,0,0,0,0,0,0,0,0
2025-03-10,42588.23,128,72,2025,1,0,0,0,0,0,0,0,0,0
2025-03-11,57009.200000000004,131,87,2025,0,0,0,0,0,0,0,0,0,0
2025-03-12,35337.439999999995,113,73,2025,0,0,0,0,0,0,0,0,0,0
2025-03-13,51086.05,133,82,2025,0,0,0,0,0,0,0,0,0,0
2025-03-14,55450.06,169,116,2025,0,0,0,0,0,0,0,0,0,0
2025-03-15,55330.06,253,138,2025,0,0,0,0,0,0,0,0,0,0
2025-03-16,169975.80000000002,221,139,2025,0,0,0,0,0,0,0,0,0,0
2025-03-17,73721.33,171,112,2025,0,0,0,0,0,0,0,0,0,0
2025-03-18,50963.46,102,72,2025,0,0,0,0,0,0,0,0,0,0
2025-03-19,34808.020000000004,101,76,2025,0,0,0,0,0,0,0,0,0,0
2025-03-20,33576.08,116,74,2025,0,0,0,0,0,0,0,0,0,0
2025-03-21,48764.93,117,74,2025,0,0,0,0,0,0,0,0,0,0
2025-03-22,126679.8,240,150,2025,0,0,0,0,0,0,0,0,0,0
2025-03-23,53486.51,187,126,2025,0,0,0,0,0,0,0,0,0,0
2025-03-24,49135.66,108,91,2025,0,0,0,0,0,0,0,0,0,0
2025-03-25,67245.68,210,110,2025,0,0,0,0,0,0,0,0,0,0
2025-03-26,57474.15,141,89,2025,0,0,0,0,0,0,0,0,0,0
2025-03-27,83504.88,114,87,2025,0,0,0,0,0,0,0,0,0,0
2025-03-28,45427.57,113,73,2025,0,0,0,0,0,0,0,0,0,0
2025-03-29,92646.04,170,116,2025,0,0,0,0,0,0,0,0,0,0
2025-03-30,101055.04,211,135,2025,0,0,0,0,0,0,0,0,0,0
2025-03-31,59423.85,102,84,2025,0,0,0,0,0,0,0,0,0,0
2025-04-01,53641.57,137,88,2025,0,0,0,0,0,0,0,0,0,0
2025-04-02,56686.81,248,133,2025,0,0,0,0,0,0,0,0,0,0
2025-04-03,31746.73,140,85,2025,0,0,0,0,0,0,0,0,0,0
2025-04-04,31910.92,185,104,2025,0,0,0,0,0,0,0,0,0,0
2025-04-05,46765.61,127,98,2025,0,0,0,0,0,0,0,0,0,0
2025-04-06,73606.18,190,129,2025,0,0,0,0,0,0,0,0,0,0
2025-04-07,63461.89,112,66,2025,0,0,0,0,0,0,0,0,0,0
2025-04-08,80661.79000000001,164,98,2025,0,0,0,0,0,0,0,0,0,0
2025-04-09,72988.42,201,118,2025,0,0,0,0,0,0,0,0,0,0
2025-04-10,63184.49,144,83,2025,0,0,0,0,0,0,0,0,0,0
2025-04-11,59320.59,120,97,2025,0,0,0,0,0,0,0,0,0,0
2025-04-12,95345.27,203,126,2025,0,0,0,0,0,0,0,0,0,0
2025-04-13,93944.79000000001,156,106,2025,0,0,1,0,0,0,0,0,0,0
2025-04-14,55288.24,157,118,2025,0,0,1,0,0,0,0,0,0,0
2025-04-15,21968.649999999998,113,72,2025,0,0,1,0,0,0,0,0,0,0
2025-04-16,56286.87,152,88,2025,0,0,1,0,0,0,0,0,0,0
2025-04-17,53895.88,153,98,2025,0,0,1,0,0,0,0,0,0,0
2025-04-18,269300.37,455,309,2025,0,0,1,0,0,0,0,0,0,0
2025-04-19,60544.5,233,133,2025,0,0,1,0,0,0,0,0,0,0
2025-04-20,294382.58,598,394,2025,0,0,1,0,0,0,0,0,0,0
2025-04-21,132004.7,444,280,2025,0,0,0,0,0,0,0,0,0,0
2025-04-22,85794.62,145,97,2025,0,0,0,0,0,0,0,0,0,0
2025-04-23,54741.06,194,115,2025,0,0,0,0,0,0,0,0,0,0
2025-04-24,75255.06,134,100,2025,0,0,0,0,0,0,0,0,0,0
2025-04-25,58157.05,175,114,2025,0,0,0,0,0,0,0,0,0,0
2025-04-26,76163.88,224,135,2025,0,0,0,0,0,0,0,0,0,0
2025-04-27,99957.59,213,132,2025,0,0,0,0,0,0,0,0,0,0
2025-04-28,98550.91,111,71,2025,0,0,0,0,0,0,0,0,0,0
2025-04-29,46207.57,126,62,2025,0,0,0,0,0,0,0,0,0,0
2025-04-30,141430.28,181,112,2025,0,0,0,0,0,0,0,0,0,0
2025-05-01,225175.45,468,312,2025,0,0,0,0,0,0,0,0,0,0
2025-05-02,108130.29000000001,212,129,2025,0,0,0,0,0,0,0,0,0,0
2025-05-03,94087.8,227,133,2025,0,0,0,0,0,0,0,0,0,0
2025-05-04,28006.13,127,112,2025,0,0,0,0,0,0,0,0,0,0
2025-05-05,56640.51,160,97,2025,0,0,0,0,0,1,0,0,0,0
2025-05-06,84064.48,157,104,2025,0,0,0,0,0,1,0,0,0,0
2025-05-07,72865.48,141,89,2025,0,0,0,0,0,1,0,0,0,0
2025-05-08,112412.19,186,133,2025,0,0,0,0,0,1,0,0,0,0
2025-05-09,109958.48000000001,202,121,2025,0,0,0,0,0,1,0,0,0,0
2025-05-10,89228.37,192,113,2025,0,0,0,0,0,1,0,0,0,0
2025-05-11,60547.17,180,116,2025,0,0,0,0,0,1,0,0,0,0
2025-05-12,94660.34,127,70,2025,0,0,0,0,0,0,0,0,0,0
2025-05-13,35597.16,103,67,2025,0,0,0,0,0,0,0,0,0,0
2025-05-14,31422.260000000002,123,69,2025,0,0,0,0,0,0,0,0,0,0
2025-05-15,68167.48,182,115,2025,0,0,0,0,0,0,0,0,0,0
2025-05-16,34816.6,190,99,2025,0,0,0,0,0,0,0,0,0,0
2025-05-17,76069.86,192,121,2025,0,0,0,0,0,0,0,0,0,0
2025-05-18,40789.29,159,85,2025,0,0,0,0,0,0,0,0,0,0
2025-05-19,107697.26999999999,158,106,2025,0,0,0,0,0,0,0,0,0,0
2025-05-20,63957.19,107,71,2025,0,0,0,0,0,0,0,0,0,0
2025-05-21,82533.76,194,105,2025,0,0,0,0,0,0,0,0,0,0
2025-05-22,72299.19,124,80,2025,0,0,0,0,0,0,0,0,0,0
2025-05-23,47680.0,115,81,2025,0,0,0,0,0,0,0,0,0,0
2025-05-24,21918.45,132,75,2025,0,0,0,0,0,0,0,0,0,0
2025-05-25,67370.33,204,125,2025,0,0,0,0,0,0,0,0,0,0
2025-05-26,55238.37,111,77,2025,0,0,0,0,0,0,0,0,0,0
2025-05-27,28197.36,86,74,2025,0,0,0,0,0,0,0,0,0,0
2025-05-28,93006.18,126,94,2025,0,0,0,0,0,0,0,0,0,0
2025-05-29,67978.1,120,72,2025,0,0,0,0,0,0,0,0,0,0
2025-05-30,114202.25,121,65,2025,0,0,0,0,0,0,0,0,0,0
2025-05-31,81210.79,147,106,2025,0,0,0,0,0,0,0,0,0,0
2025-06-01,36975.63,123,70,2025,0,0,0,0,0,0,0,0,0,0
2025-06-02,29656.59,103,62,2025,0,0,0,0,0,0,0,0,0,0
2025-06-03,36361.35,130,80,2025,0,0,0,0,0,0,0,0,0,0
2025-06-04,31299.79,90,67,2025,0,0,0,0,0,0,0,0,0,0
2025-06-05,50194.45,114,82,2025,0,0,0,0,1,0,0,0,0,0
2025-06-06,47605.49,111,88,2025,0,0,0,0,1,0,0,0,0,0
2025-06-07,59924.65,215,123,2025,0,0,0,0,1,0,0,0,0,0
2025-06-08,58247.17,158,115,2025,0,0,0,0,1,0,0,0,0,0
2025-06-09,23101.54,95,69,2025,0,0,0,0,1,0,0,0,0,0
2025-06-10,49796.03,131,94,2025,0,0,0,1,1,0,0,0,0,0
2025-06-11,53943.49,188,95,2025,0,0,0,1,1,0,0,0,0,0
2025-06-12,26852.679999999997,75,48,2025,0,0,0,1,1,0,0,0,0,0
2025-06-13,31516.75,65,51,2025,0,0,0,1,0,0,0,0,0,0
2025-06-14,65591.08,133,103,2025,0,0,0,1,0,0,0,0,0,0
2025-06-15,119801.25,227,124,2025,0,0,0,1,0,0,0,0,0,0
2025-06-16,37915.02,98,70,2025,0,0,0,1,0,0,0,0,0,0
2025-06-17,43925.78999999999,136,72,2025,0,0,0,1,0,0,0,0,0,0
2025-06-18,42271.869999999995,164,101,2025,0,0,0,1,0,0,0,0,0,0
2025-06-19,124425.51,378,223,2025,0,0,0,1,0,0,0,0,0,0
2025-06-20,33454.07,84,54,2025,0,0,0,1,0,0,0,0,0,0
2025-06-21,44097.56,130,101,2025,0,0,0,1,0,0,0,0,0,0
2025-06-22,58940.94,132,92,2025,0,0,0,1,0,0,0,0,0,0
2025-06-23,47815.560000000005,118,71,2025,0,0,0,1,0,0,0,0,0,0
2025-06-24,18410.5,82,56,2025,0,0,0,1,0,0,0,0,0,0
2025-06-25,46118.270000000004,64,39,2025,0,0,0,1,0,0,0,0,0,0
2025-06-26,42220.39,113,74,2025,0,0,0,1,0,0,0,0,0,0
2025-06-27,76155.93000000001,130,95,2025,0,0,0,1,0,0,0,0,0,0
2025-06-28,87665.34,96,51,2025,0,0,0,1,0,0,0,0,0,0
2025-06-29,109222.0,185,109,2025,0,0,0,1,0,0,0,0,0,0
2025-06-30,92586.19,120,62,2025,0,0,0,1,0,0,0,0,0,0
2025-07-01,48290.259999999995,76,52,2025,0,0,0,0,0,0,0,0,0,0
2025-07-02,87493.0,73,49,2025,0,0,0,0,0,0,0,0,0,0
2025-07-03,69913.99,110,65,2025,0,0,0,0,0,0,0,0,0,0
2025-07-04,26558.13,104,65,2025,0,0,0,0,0,0,0,0,0,0
2025-07-05,65092.700000000004,95,72,2025,0,0,0,0,0,0,0,0,0,0
2025-07-06,23915.47,92,69,2025,0,0,0,0,0,0,0,0,0,0
2025-07-07,37622.24,130,87,2025,0,0,0,0,0,0,0,0,0,0
2025-07-08,47864.670000000006,81,49,2025,0,0,0,0,0,0,0,0,0,0
2025-07-09,37537.079999999994,92,65,2025,0,0,0,0,0,0,0,0,0,0
2025-07-10,17632.649999999998,57,47,2025,0,0,0,0,0,0,0,0,0,0
2025-07-11,32930.520000000004,136,62,2025,0,0,0,0,0,0,0,0,0,0
2025-07-12,19004.510000000002,83,53,2025,0,0,0,0,0,0,0,0,0,0
2025-07-13,64653.12,145,90,2025,0,0,0,0,0,0,0,0,0,0
2025-07-14,17167.73,63,46,2025,0,0,0,0,0,0,0,0,0,0
2025-07-15,15494.3,82,58,2025,0,0,0,0,0,0,0,0,0,0
2025-07-16,15242.64,70,50,2025,0,0,0,0,0,0,0,0,0,0
2025-07-17,51211.98,81,61,2025,0,0,0,0,0,0,0,0,0,0
2025-07-18,46126.53,89,49,2025,0,0,0,0,0,0,0,0,0,0
2025-07-19,19338.49,88,43,2025,0,0,0,0,0,0,0,0,0,0
2025-07-20,17244.45,90,65,2025,0,0,0,0,0,0,0,0,0,0
2025-07-21,44321.13,95,60,2025,0,0,0,0,0,0,0,0,0,0
2025-07-22,78718.72,115,67,2025,0,0,0,0,0,0,0,0,0,0
2025-07-23,62973.45999999999,69,45,2025,0,0,0,0,0,0,0,0,0,0
2025-07-24,13910.990000000002,73,55,2025,0,0,0,0,0,0,0,0,0,0
2025-07-25,8350.47,82,47,2025,0,0,0,0,0,0,0,0,0,0
2025-07-26,33646.7,98,71,2025,0,0,0,0,0,0,0,0,0,0
2025-07-27,34025.36,86,57,2025,0,0,0,0,0,0,0,0,0,0
2025-07-28,22723.7,65,42,2025,0,0,0,0,0,0,0,0,0,0
2025-07-29,36500.35,56,29,2025,0,0,0,0,0,0,0,0,0,0
2025-07-30,16215.880000000001,58,47,2025,0,0,0,0,0,0,0,0,0,0
2025-07-31,9750.67,50,32,2025,0,0,0,0,0,0,0,0,0,0
2025-08-01,35885.98,53,45,2025,0,0,0,0,0,0,0,0,0,0
2025-08-02,24835.55,39,24,2025,0,0,0,0,0,0,0,0,0,0
2025-08-03,49437.9,86,50,2025,0,0,0,0,0,0,0,0,0,0
2025-08-04,14774.65,57,36,2025,0,0,0,0,0,0,1,0,0,0
2025-08-05,29004.04,100,69,2025,0,0,0,0,0,0,1,0,0,0
2025-08-06,5288.6,52,44,2025,0,0,0,0,0,0,1,0,0,0
2025-08-07,27290.14,54,44,2025,0,0,0,0,0,0,1,0,0,0
2025-08-08,39268.39,56,47,2025,0,0,0,0,0,0,1,0,0,0
2025-08-09,31668.6,81,57,2025,0,0,0,0,0,0,1,0,0,0
2025-08-10,27241.78,74,42,2025,0,0,0,0,0,0,1,0,0,0
2025-08-11,54360.729999999996,87,57,2025,0,0,0,0,0,0,0,0,0,0
2025-08-12,10354.6,55,52,2025,0,0,0,0,0,0,0,0,0,0
2025-08-13,57358.16,123,72,2025,0,0,0,0,0,0,0,0,0,0
2025-08-14,23498.96,56,46,2025,0,0,0,0,0,0,0,0,0,0
2025-08-15,24125.21,44,38,2025,0,0,0,0,0,0,0,0,0,0
2025-08-16,57783.63,97,54,2025,0,0,0,0,0,0,0,0,0,0
2025-08-17,19697.54,48,31,2025,0,0,0,0,0,0,0,0,0,0
