date,y,total_qty,num_items,volta_as_aulas,carnaval,semana_santa,sao_joao,dia_namorados,dia_maes,dia_pais,dia_criancas,black_friday,natal,brand__anubis,brand__havit,brand__reddragon,brand__sony,cat__consoles,cat__headset,cat__mouse,cat__tvs,cat__teclado,year,month,day,weekday,lag1,lag2,ma3
2023-09-04,105194.03,401,263,0,0,0,0,0,0,0,0,0,0,0.0,0.0,0.0,0.0,0.0,0.0,0.0,0.0,0.0,2023,9,4,0,111859.5,73438.28,96830.60333333333
2023-09-11,298439.29,555,308,0,0,0,0,0,0,0,0,0,0,0.0,0.0,0.0,0.0,0.0,0.0,0.0,0.0,0.0,2023,9,11,0,105194.03,111859.5,171830.93999999997
2023-09-18,107370.83,299,177,0,0,0,0,0,0,0,0,0,0,0.0,0.0,0.0,0.0,0.0,0.0,0.0,0.0,0.0,2023,9,18,0,298439.29,105194.03,170334.71666666667
2023-09-25,199450.46000000002,301,194,0,0,0,0,0,0,0,0,0,0,0.0,0.0,0.0,0.0,0.0,0.0,0.0,0.0,0.0,2023,9,25,0,107370.83,298439.29,201753.5266666667
2023-10-02,87769.07,205,146,0,0,0,0,0,0,0,0,0,0,0.0,0.0,0.0,0.0,0.0,0.0,0.0,0.0,0.0,2023,10,2,0,199450.46000000002,107370.83,131530.12000000002
2023-10-09,185958.45,297,165,0,0,0,0,0,0,0,1,0,0,0.0,0.0,0.0,0.0,0.0,0.0,0.0,0.0,0.0,2023,10,9,0,87769.07,199450.46000000002,157725.99333333338
2023-10-16,151050.07,390,274,0,0,0,0,0,0,0,1,0,0,0.0,0.0,0.0,0.0,0.0,0.0,0.0,0.0,0.0,2023,10,16,0,185958.45,87769.07,141592.53000000003
2023-10-23,140095.45,254,166,0,0,0,0,0,0,0,0,0,0,0.0,0.0,0.0,0.0,0.0,0.0,0.0,0.0,0.0,2023,10,23,0,151050.07,185958.45,159034.6566666667
2023-10-30,151647.94,325,183,0,0,0,0,0,0,0,0,0,0,0.0,0.0,0.0,0.0,0.0,0.0,0.0,0.0,0.0,2023,10,30,0,140095.45,151050.07,147597.82000000004
2023-11-06,144062.47999999998,359,247,0,0,0,0,0,0,0,0,0,0,0.0,0.0,0.0,0.0,0.0,0.0,0.0,0.0,0.0,2023,11,6,0,151647.94,140095.45,145268.62333333335
2023-11-13,177964.27000000002,244,170,0,0,0,0,0,0,0,0,0,0,0.0,0.0,0.0,0.0,0.0,0.0,0.0,0.0,0.0,2023,11,13,0,144062.47999999998,151647.94,157891.56333333335
2023-11-20,242387.50999999998,444,269,0,0,0,0,0,0,0,0,1,0,0.0,0.0,0.0,0.0,0.0,0.0,0.0,0.0,0.0,2023,11,20,0,177964.27000000002,144062.47999999998,188138.08666666667
2023-11-27,249394.84,673,449,0,0,0,0,0,0,0,0,1,0,0.0,0.0,0.0,0.0,0.0,0.0,0.0,0.0,0.0,2023,11,27,0,242387.50999999998,177964.27000000002,223248.87333333338
2023-12-04,173512.28,413,251,0,0,0,0,0,0,0,0,0,0,0.0,0.0,0.0,0.0,0.0,0.0,0.0,0.0,0.0,2023,12,4,0,249394.84,242387.50999999998,221764.87666666668
2023-12-11,270246.74,389,277,0,0,0,0,0,0,0,0,0,1,0.0,0.0,0.0,0.0,0.0,0.0,0.0,0.0,0.0,2023,12,11,0,173512.28,249394.84,231051.28666666665
2023-12-18,238332.8,538,361,0,0,0,0,0,0,0,0,0,1,0.0,0.0,0.0,0.0,0.0,0.0,0.0,0.0,0.0,2023,12,18,0,270246.74,173512.28,227363.94000000003
2023-12-25,227011.40000000002,719,463,0,0,0,0,0,0,0,0,0,1,0.0,0.0,0.0,0.0,0.0,0.0,0.0,0.0,0.0,2023,12,25,0,238332.8,270246.74,245196.97999999998
2024-01-01,361454.58999999997,716,466,0,0,0,0,0,0,0,0,0,0,0.0,0.0,0.0,0.0,0.0,0.0,0.0,0.0,0.0,2024,1,1,0,227011.40000000002,238332.8,275599.5966666667
2024-01-08,261647.42,702,468,0,0,0,0,0,0,0,0,0,0,0.0,0.0,0.0,0.0,0.0,0.0,0.0,0.0,0.0,2024,1,8,0,361454.58999999997,227011.40000000002,283371.13666666666
2024-01-15,384438.12,794,510,0,0,0,0,0,0,0,0,0,0,0.0,0.0,0.0,0.0,0.0,0.0,0.0,0.0,0.0,2024,1,15,0,261647.42,361454.58999999997,335846.71
2024-01-22,404616.82,871,537,1,0,0,0,0,0,0,0,0,0,0.0,0.0,0.0,0.0,0.0,0.0,0.0,0.0,0.0,2024,1,22,0,384438.12,261647.42,350234.12000000005
2024-01-29,437367.13,778,513,1,0,0,0,0,0,0,0,0,0,0.0,0.0,0.0,0.0,0.0,0.0,0.0,0.0,0.0,2024,1,29,0,404616.82,384438.12,408807.3566666667
2024-02-05,348135.6,857,546,1,0,0,0,0,0,0,0,0,0,0.0,0.0,0.0,0.0,0.0,0.0,0.0,0.0,0.0,2024,2,5,0,437367.13,404616.82,396706.51666666666
2024-02-12,336946.64999999997,847,517,1,1,0,0,0,0,0,0,0,0,0.0,0.0,0.0,0.0,0.0,0.0,0.0,0.0,0.0,2024,2,12,0,348135.6,437367.13,374149.7933333333
2024-02-19,475476.56,1145,791,1,1,0,0,0,0,0,0,0,0,0.0,0.0,0.0,0.0,0.0,0.0,0.0,0.0,0.0,2024,2,19,0,336946.64999999997,348135.6,386852.9366666667
2024-02-26,505314.16,981,637,1,0,0,0,0,0,0,0,0,0,0.0,0.0,0.0,0.0,0.0,0.0,0.0,0.0,0.0,2024,2,26,0,475476.56,336946.64999999997,439245.79
2024-03-04,461052.02,1027,657,1,0,0,0,0,0,0,0,0,0,0.0,0.0,0.0,0.0,0.0,0.0,0.0,0.0,0.0,2024,3,4,0,505314.16,475476.56,480614.24666666664
2024-03-11,472727.73,1028,666,1,0,0,0,0,0,0,0,0,0,0.0,0.0,0.0,0.0,0.0,0.0,0.0,0.0,0.0,2024,3,11,0,461052.02,505314.16,479697.97
2024-03-18,544057.16,1077,673,0,0,0,0,0,0,0,0,0,0,0.0,0.0,0.0,0.0,0.0,0.0,0.0,0.0,0.0,2024,3,18,0,472727.73,461052.02,492612.3033333334
2024-03-25,439347.30000000005,1008,656,0,0,1,0,0,0,0,0,0,0,0.0,0.0,0.0,0.0,0.0,0.0,0.0,0.0,0.0,2024,3,25,0,544057.16,472727.73,485377.39666666667
2024-04-01,805649.12,1714,1138,0,0,1,0,0,0,0,0,0,0,0.0,0.0,0.0,0.0,0.0,0.0,0.0,0.0,0.0,2024,4,1,0,439347.30000000005,544057.16,596351.1933333334
2024-04-08,397832.95,1186,813,0,0,0,0,0,0,0,0,0,0,0.0,0.0,0.0,0.0,0.0,0.0,0.0,0.0,0.0,2024,4,8,0,805649.12,439347.30000000005,547609.7899999999
2024-04-15,486286.41,1030,709,0,0,0,0,0,0,0,0,0,0,0.0,0.0,0.0,0.0,0.0,0.0,0.0,0.0,0.0,2024,4,15,0,397832.95,805649.12,563256.16
2024-04-22,672523.76,1676,1011,0,0,0,0,0,0,0,0,0,0,0.0,0.0,0.0,0.0,0.0,0.0,0.0,0.0,0.0,2024,4,22,0,486286.41,397832.95,518881.04000000004
2024-04-29,535691.74,1082,711,0,0,0,0,0,0,0,0,0,0,0.0,0.0,0.0,0.0,0.0,0.0,0.0,0.0,0.0,2024,4,29,0,672523.76,486286.41,564833.9700000001
2024-05-06,570989.4,1365,907,0,0,0,0,0,1,0,0,0,0,0.0,0.0,0.0,0.0,0.0,0.0,0.0,0.0,0.0,2024,5,6,0,535691.74,672523.76,593068.2999999999
2024-05-13,488257.48,967,630,0,0,0,0,0,1,0,0,0,0,0.0,0.0,0.0,0.0,0.0,0.0,0.0,0.0,0.0,2024,5,13,0,570989.4,535691.74,531646.2066666667
2024-05-20,304780.04,989,597,0,0,0,0,0,0,0,0,0,0,0.0,0.0,0.0,0.0,0.0,0.0,0.0,0.0,0.0,2024,5,20,0,488257.48,570989.4,454675.63999999996
2024-05-27,423726.01999999996,953,638,0,0,0,0,0,0,0,0,0,0,0.0,0.0,0.0,0.0,0.0,0.0,0.0,0.0,0.0,2024,5,27,0,304780.04,488257.48,405587.8466666667
2024-06-03,623964.96,1284,843,0,0,0,0,0,0,0,0,0,0,0.0,0.0,0.0,0.0,0.0,0.0,0.0,0.0,0.0,2024,6,3,0,423726.01999999996,304780.04,450823.67333333334
2024-06-10,407944.48,913,562,0,0,0,1,1,0,0,0,0,0,0.0,0.0,0.0,0.0,0.0,0.0,0.0,0.0,0.0,2024,6,10,0,623964.96,423726.01999999996,485211.82
2024-06-17,396789.32,745,485,0,0,0,1,1,0,0,0,0,0,0.0,0.0,0.0,0.0,0.0,0.0,0.0,0.0,0.0,2024,6,17,0,407944.48,623964.96,476232.92
2024-06-24,256887.63999999998,705,462,0,0,0,1,0,0,0,0,0,0,0.0,0.0,0.0,0.0,0.0,0.0,0.0,0.0,0.0,2024,6,24,0,396789.32,407944.48,353873.8133333333
2024-07-01,454109.15,914,546,0,0,0,1,0,0,0,0,0,0,0.0,0.0,0.0,0.0,0.0,0.0,0.0,0.0,0.0,2024,7,1,0,256887.63999999998,396789.32,369262.0366666666
2024-07-08,267131.12,803,473,0,0,0,0,0,0,0,0,0,0,0.0,0.0,0.0,0.0,0.0,0.0,0.0,0.0,0.0,2024,7,8,0,454109.15,256887.63999999998,326042.63666666666
2024-07-15,335235.02,754,441,0,0,0,0,0,0,0,0,0,0,0.0,0.0,0.0,0.0,0.0,0.0,0.0,0.0,0.0,2024,7,15,0,267131.12,454109.15,352158.43
2024-07-22,403942.84,652,387,0,0,0,0,0,0,0,0,0,0,0.0,0.0,0.0,0.0,0.0,0.0,0.0,0.0,0.0,2024,7,22,0,335235.02,267131.12,335436.32666666666
2024-07-29,254237.15,510,345,0,0,0,0,0,0,0,0,0,0,0.0,0.0,0.0,0.0,0.0,0.0,0.0,0.0,0.0,2024,7,29,0,403942.84,335235.02,331138.33666666667
2024-08-05,313028.73,634,385,0,0,0,0,0,0,1,0,0,0,0.0,0.0,0.0,0.0,0.0,0.0,0.0,0.0,0.0,2024,8,5,0,254237.15,403942.84,323736.24
2024-08-12,166032.66999999998,473,294,0,0,0,0,0,0,1,0,0,0,0.0,0.0,0.0,0.0,0.0,0.0,0.0,0.0,0.0,2024,8,12,0,313028.73,254237.15,244432.84999999995
2024-08-19,173770.14,474,307,0,0,0,0,0,0,0,0,0,0,0.0,0.0,0.0,0.0,0.0,0.0,0.0,0.0,0.0,2024,8,19,0,166032.66999999998,313028.73,217610.51333333334
2024-08-26,153520.93,378,250,0,0,0,0,0,0,0,0,0,0,0.0,0.0,0.0,0.0,0.0,0.0,0.0,0.0,0.0,2024,8,26,0,173770.14,166032.66999999998,164441.24666666667
2024-09-02,177739.84,494,285,0,0,0,0,0,0,0,0,0,0,0.0,0.0,0.0,0.0,0.0,0.0,0.0,0.0,0.0,2024,9,2,0,153520.93,173770.14,168343.6366666667
2024-09-09,192048.26,487,302,0,0,0,0,0,0,0,0,0,0,0.0,0.0,0.0,0.0,0.0,0.0,0.0,0.0,0.0,2024,9,9,0,177739.84,153520.93,174436.34333333335
2024-09-16,193028.39,290,196,0,0,0,0,0,0,0,0,0,0,0.0,0.0,0.0,0.0,0.0,0.0,0.0,0.0,0.0,2024,9,16,0,192048.26,177739.84,187605.49666666667
2024-09-23,52551.67,288,169,0,0,0,0,0,0,0,0,0,0,0.0,0.0,0.0,0.0,0.0,0.0,0.0,0.0,0.0,2024,9,23,0,193028.39,192048.26,145876.1066666667
2024-09-30,112588.26,261,190,0,0,0,0,0,0,0,0,0,0,0.0,0.0,0.0,0.0,0.0,0.0,0.0,0.0,0.0,2024,9,30,0,52551.67,193028.39,119389.44
2024-10-07,58602.16,246,154,0,0,0,0,0,0,0,1,0,0,0.0,0.0,0.0,0.0,0.0,0.0,0.0,0.0,0.0,2024,10,7,0,112588.26,52551.67,74580.69666666667
2024-10-14,121372.7,426,281,0,0,0,0,0,0,0,1,0,0,0.0,0.0,0.0,0.0,0.0,0.0,0.0,0.0,0.0,2024,10,14,0,58602.16,112588.26,97521.04
2024-10-21,97268.12000000001,278,182,0,0,0,0,0,0,0,0,0,0,0.0,0.0,0.0,0.0,0.0,0.0,0.0,0.0,0.0,2024,10,21,0,121372.7,58602.16,92414.32666666666
2024-10-28,138100.39,324,185,0,0,0,0,0,0,0,0,0,0,0.0,0.0,0.0,0.0,0.0,0.0,0.0,0.0,0.0,2024,10,28,0,97268.12000000001,121372.7,118913.73666666668
2024-11-04,153118.7,415,269,0,0,0,0,0,0,0,0,0,0,0.0,0.0,0.0,0.0,0.0,0.0,0.0,0.0,0.0,2024,11,4,0,138100.39,97268.12000000001,129495.73666666668
2024-11-11,131035.13,317,201,0,0,0,0,0,0,0,0,0,0,0.0,0.0,0.0,0.0,0.0,0.0,0.0,0.0,0.0,2024,11,11,0,153118.7,138100.39,140751.40666666668
2024-11-18,210834.87999999998,546,363,0,0,0,0,0,0,0,0,0,0,0.0,0.0,0.0,0.0,0.0,0.0,0.0,0.0,0.0,2024,11,18,0,131035.13,153118.7,164996.23666666666
2024-11-25,426822.31,682,428,0,0,0,0,0,0,0,0,1,0,0.0,0.0,0.0,0.0,0.0,0.0,0.0,0.0,0.0,2024,11,25,0,210834.87999999998,131035.13,256230.77333333335
2024-12-02,240134.32,413,231,0,0,0,0,0,0,0,0,1,0,0.0,0.0,0.0,0.0,0.0,0.0,0.0,0.0,0.0,2024,12,2,0,426822.31,210834.87999999998,292597.17
2024-12-09,133505.35,460,306,0,0,0,0,0,0,0,0,0,0,0.0,0.0,0.0,0.0,0.0,0.0,0.0,0.0,0.0,2024,12,9,0,240134.32,426822.31,266820.66
2024-12-16,294398.25,464,296,0,0,0,0,0,0,0,0,0,1,0.0,0.0,0.0,0.0,0.0,0.0,0.0,0.0,0.0,2024,12,16,0,133505.35,240134.32,222679.30666666667
2024-12-23,203113.41,456,317,0,0,0,0,0,0,0,0,0,1,0.0,0.0,0.0,0.0,0.0,0.0,0.0,0.0,0.0,2024,12,23,0,294398.25,133505.35,210339.00333333333
2024-12-30,314120.01,786,504,0,0,0,0,0,0,0,0,0,1,0.0,0.0,0.0,0.0,0.0,0.0,0.0,0.0,0.0,2024,12,30,0,203113.41,294398.25,270543.89
2025-01-06,379118.78,1020,609,0,0,0,0,0,0,0,0,0,0,0.0,0.0,0.0,0.0,0.0,0.0,0.0,0.0,0.0,2025,1,6,0,314120.01,203113.41,298784.0666666667
2025-01-13,474795.51999999996,679,419,0,0,0,0,0,0,0,0,0,0,0.0,0.0,0.0,0.0,0.0,0.0,0.0,0.0,0.0,2025,1,13,0,379118.78,314120.01,389344.77
2025-01-20,443938.76,786,463,1,0,0,0,0,0,0,0,0,0,0.0,0.0,0.0,0.0,0.0,0.0,0.0,0.0,0.0,2025,1,20,0,474795.51999999996,379118.78,432617.6866666667
2025-01-27,291264.62,781,491,1,0,0,0,0,0,0,0,0,0,0.0,0.0,0.0,0.0,0.0,0.0,0.0,0.0,0.0,2025,1,27,0,443938.76,474795.51999999996,403332.9666666666
2025-02-03,328560.97,673,429,1,0,0,0,0,0,0,0,0,0,0.0,0.0,0.0,0.0,0.0,0.0,0.0,0.0,0.0,2025,2,3,0,291264.62,443938.76,354588.11666666664
2025-02-10,387016.04,929,571,1,0,0,0,0,0,0,0,0,0,0.0,0.0,0.0,0.0,0.0,0.0,0.0,0.0,0.0,2025,2,10,0,328560.97,291264.62,335613.87666666665
2025-02-17,468904.84,987,636,1,0,0,0,0,0,0,0,0,0,0.0,0.0,0.0,0.0,0.0,0.0,0.0,0.0,0.0,2025,2,17,0,387016.04,328560.97,394827.2833333334
2025-02-24,422429.03,983,627,1,0,0,0,0,0,0,0,0,0,0.0,0.0,0.0,0.0,0.0,0.0,0.0,0.0,0.0,2025,2,24,0,468904.84,387016.04,426116.6366666667
2025-03-03,478911.88,1015,632,1,1,0,0,0,0,0,0,0,0,0.0,0.0,0.0,0.0,0.0,0.0,0.0,0.0,0.0,2025,3,3,0,422429.03,468904.84,456748.5833333333
2025-03-10,508126.55,1149,783,1,1,0,0,0,0,0,0,0,0,0.0,0.0,0.0,0.0,0.0,0.0,0.0,0.0,0.0,2025,3,10,0,478911.88,422429.03,469822.48666666663
2025-03-17,497909.94,1191,747,0,0,0,0,0,0,0,0,0,0,0.0,0.0,0.0,0.0,0.0,0.0,0.0,0.0,0.0,2025,3,17,0,508126.55,478911.88,494982.79
2025-03-24,397414.46,971,663,0,0,0,0,0,0,0,0,0,0,0.0,0.0,0.0,0.0,0.0,0.0,0.0,0.0,0.0,2025,3,24,0,497909.94,508126.55,467816.9833333334
2025-03-31,506777.20999999996,1061,694,0,0,0,0,0,0,0,0,0,0,0.0,0.0,0.0,0.0,0.0,0.0,0.0,0.0,0.0,2025,3,31,0,397414.46,497909.94,467367.2033333333
2025-04-07,357819.70999999996,1139,703,0,0,0,0,0,0,0,0,0,0,0.0,0.0,0.0,0.0,0.0,0.0,0.0,0.0,0.0,2025,4,7,0,506777.20999999996,397414.46,420670.45999999996
2025-04-14,520733.59,1145,746,0,0,1,0,0,0,0,0,0,0,0.0,0.0,0.0,0.0,0.0,0.0,0.0,0.0,0.0,2025,4,14,0,357819.70999999996,506777.20999999996,461776.83666666667
2025-04-21,888383.55,2148,1374,0,0,1,0,0,0,0,0,0,0,0.0,0.0,0.0,0.0,0.0,0.0,0.0,0.0,0.0,2025,4,21,0,520733.59,357819.70999999996,588978.9500000001
2025-04-28,548620.17,1196,764,0,0,0,0,0,0,0,0,0,0,0.0,0.0,0.0,0.0,0.0,0.0,0.0,0.0,0.0,2025,4,28,0,888383.55,520733.59,652579.1033333334
2025-05-05,699678.03,1501,957,0,0,0,0,0,1,0,0,0,0,0.0,0.0,0.0,0.0,0.0,0.0,0.0,0.0,0.0,2025,5,5,0,548620.17,888383.55,712227.25
2025-05-12,623736.51,1185,746,0,0,0,0,0,1,0,0,0,0,0.0,0.0,0.0,0.0,0.0,0.0,0.0,0.0,0.0,2025,5,12,0,699678.03,548620.17,624011.57
2025-05-19,394559.92,1107,662,0,0,0,0,0,0,0,0,0,0,0.0,0.0,0.0,0.0,0.0,0.0,0.0,0.0,0.0,2025,5,19,0,623736.51,699678.03,572658.1533333334
2025-05-26,410997.29,987,614,0,0,0,0,0,0,0,0,0,0,0.0,0.0,0.0,0.0,0.0,0.0,0.0,0.0,0.0,2025,5,26,0,394559.92,623736.51,476431.24
2025-06-02,451226.89999999997,826,543,0,0,0,0,0,0,0,0,0,0,0.0,0.0,0.0,0.0,0.0,0.0,0.0,0.0,0.0,2025,6,2,0,410997.29,394559.92,418928.0366666666
2025-06-09,306734.44,913,624,0,0,0,0,1,0,0,0,0,0,0.0,0.0,0.0,0.0,0.0,0.0,0.0,0.0,0.0,2025,6,9,0,451226.89999999997,410997.29,389652.87666666665
2025-06-16,385416.3,917,585,0,0,0,1,1,0,0,0,0,0,0.0,0.0,0.0,0.0,0.0,0.0,0.0,0.0,0.0,2025,6,16,0,306734.44,451226.89999999997,381125.87999999995
2025-06-23,394931.3,1142,714,0,0,0,1,0,0,0,0,0,0,0.0,0.0,0.0,0.0,0.0,0.0,0.0,0.0,0.0,2025,6,23,0,385416.3,306734.44,362360.68
2025-06-30,472378.62,790,486,0,0,0,1,0,0,0,0,0,0,0.0,0.0,0.0,0.0,0.0,0.0,0.0,0.0,0.0,2025,6,30,0,394931.3,385416.3,417575.4066666667
2025-07-07,358885.79,680,459,0,0,0,0,0,0,0,0,0,0,0.0,0.0,0.0,0.0,0.0,0.0,0.0,0.0,0.0,2025,7,7,0,472378.62,394931.3,408731.9033333333
2025-07-14,236790.28,657,412,0,0,0,0,0,0,0,0,0,0,0.0,0.0,0.0,0.0,0.0,0.0,0.0,0.0,0.0,2025,7,14,0,358885.79,472378.62,356018.23
2025-07-21,208979.52000000002,595,386,0,0,0,0,0,0,0,0,0,0,0.0,0.0,0.0,0.0,0.0,0.0,0.0,0.0,0.0,2025,7,21,0,236790.28,358885.79,268218.52999999997
2025-07-28,254349.4,588,384,0,0,0,0,0,0,0,0,0,0,0.0,0.0,0.0,0.0,0.0,0.0,0.0,0.0,0.0,2025,7,28,0,208979.52000000002,236790.28,233373.06666666665
2025-08-04,187400.98,399,263,0,0,0,0,0,0,1,0,0,0,0.0,0.0,0.0,0.0,0.0,0.0,0.0,0.0,0.0,2025,8,4,0,254349.4,208979.52000000002,216909.96666666667
2025-08-11,214122.28,504,360,0,0,0,0,0,0,1,0,0,0,0.0,0.0,0.0,0.0,0.0,0.0,0.0,0.0,0.0,2025,8,11,0,187400.98,254349.4,218624.21999999997
2025-08-18,192818.1,423,293,0,0,0,0,0,0,0,0,0,0,0.0,0.0,0.0,0.0,0.0,0.0,0.0,0.0,0.0,2025,8,18,0,214122.28,187400.98,198113.78666666665
